<?xml version="1.0" encoding="UTF-8"?>
<project-private xmlns="http://www.netbeans.org/ns/project-private/1">
    <editor-bookmarks xmlns="http://www.netbeans.org/ns/editor-bookmarks/2" lastBookmarkId="0"/>
    <open-files xmlns="http://www.netbeans.org/ns/projectui-open-files/2">
        <group>
            <file>file:/D:/GymPOSEM509/src/MainApp/Main.java</file>
            <file>file:/D:/GymPOSEM509/src/gymposem509/vista/menu_clientes.fxml</file>
            <file>file:/D:/GymPOSEM509/src/gymposem509/controlador/MenuClientesController.java</file>
            <file>file:/D:/GymPOSEM509/src/gymposem509/modelo/SistemaMembresia2608.java</file>
            <file>file:/D:/GymPOSEM509/src/gymposem509/modelo/Membresia.java</file>
            <file>file:/D:/GymPOSEM509/src/gymposem509/modelo/GestionClientesMorales.java</file>
            <file>file:/D:/GymPOSEM509/src/gymposem509/modelo/Cliente.java</file>
        </group>
    </open-files>
</project-private>
